{"_type":"export","__export_format":4,"__export_date":"2023-12-28T06:37:17.576Z","__export_source":"insomnia.desktop.app:v8.5.1","resources":[{"_id":"req_c140b7b748eb49859c9ca6972bfe65e9","parentId":"wrk_e9ad5548b1f2421bab3af59fa4959759","modified":1703619746411,"created":1703486448083,"url":"http://127.0.0.1:8000/token/login","name":"Get User Token","description":"","method":"POST","body":{"mimeType":"application/x-www-form-urlencoded","params":[{"id":"pair_5e502e03754c4304a5a12893b4cca6d6","name":"username","value":"testCustomer","description":""},{"id":"pair_acc826cf16cf4f369858c3852d784946","name":"password","value":"test@123!","description":""}]},"parameters":[],"headers":[{"name":"Content-Type","value":"application/x-www-form-urlencoded"},{"name":"User-Agent","value":"insomnia/8.5.1"}],"authentication":{},"metaSortKey":-1703486448083,"isPrivate":false,"settingStoreCookies":true,"settingSendCookies":true,"settingDisableRenderRequestBody":false,"settingEncodeUrl":true,"settingRebuildPath":true,"settingFollowRedirects":"global","_type":"request"},{"_id":"wrk_e9ad5548b1f2421bab3af59fa4959759","parentId":null,"modified":1703486441463,"created":1703486441463,"name":"Base","description":"","scope":"collection","_type":"workspace"},{"_id":"req_145f8eaac589461a9e96d9d750b3a60a","parentId":"wrk_e9ad5548b1f2421bab3af59fa4959759","modified":1703645818108,"created":1703486718381,"url":"http://127.0.0.1:8000/api/users/me","name":"Get Current User","description":"","method":"GET","body":{"mimeType":"multipart/form-data","params":[]},"parameters":[],"headers":[{"name":"Content-Type","value":"multipart/form-data"},{"name":"User-Agent","value":"insomnia/8.5.1"}],"authentication":{"type":"bearer","prefix":"Token","token":"8fc5b1adbd0e1f5b1e6b76cfed1a8c90e8801420"},"metaSortKey":-1703486448033,"isPrivate":false,"settingStoreCookies":true,"settingSendCookies":true,"settingDisableRenderRequestBody":false,"settingEncodeUrl":true,"settingRebuildPath":true,"settingFollowRedirects":"global","_type":"request"},{"_id":"req_2095d52f23e74d59bfbce26ba6eba1a6","parentId":"wrk_e9ad5548b1f2421bab3af59fa4959759","modified":1703486783136,"created":1703486780451,"url":"http://127.0.0.1:8000/api/users/","name":"Get Users","description":"","method":"GET","body":{"mimeType":"multipart/form-data","params":[]},"parameters":[],"headers":[{"name":"Content-Type","value":"multipart/form-data"},{"name":"User-Agent","value":"insomnia/8.5.1"}],"authentication":{"type":"bearer","prefix":"Token","token":"fb3031b2645fc56640399245bc47fd707fed68af"},"metaSortKey":-1703486447983,"isPrivate":false,"settingStoreCookies":true,"settingSendCookies":true,"settingDisableRenderRequestBody":false,"settingEncodeUrl":true,"settingRebuildPath":true,"settingFollowRedirects":"global","_type":"request"},{"_id":"req_bdf2439d2e004add84f322920003e190","parentId":"fld_ef3ec3de459845baa01e4e0582bbcd46","modified":1703621548995,"created":1703619328482,"url":"http://127.0.0.1:8000/api/menu-items","name":"Get Menu Items [Unauth]","description":"","method":"GET","body":{"mimeType":"multipart/form-data","params":[]},"parameters":[],"headers":[{"name":"Content-Type","value":"multipart/form-data"},{"name":"User-Agent","value":"insomnia/8.5.1"}],"authentication":{"type":"bearer","prefix":"Token","token":"fb3031b2645fc56640399245bc47fd707fed68af","disabled":true},"metaSortKey":-1703621543750,"isPrivate":false,"settingStoreCookies":true,"settingSendCookies":true,"settingDisableRenderRequestBody":false,"settingEncodeUrl":true,"settingRebuildPath":true,"settingFollowRedirects":"global","_type":"request"},{"_id":"fld_ef3ec3de459845baa01e4e0582bbcd46","parentId":"wrk_e9ad5548b1f2421bab3af59fa4959759","modified":1703621537556,"created":1703621528332,"name":"Get Menu Items","description":"","environment":{},"environmentPropertyOrder":null,"metaSortKey":-1703486447958,"_type":"request_group"},{"_id":"req_ffc655f6e33240fabc71d7f61326b652","parentId":"fld_ef3ec3de459845baa01e4e0582bbcd46","modified":1703621556323,"created":1703619708381,"url":"http://127.0.0.1:8000/api/menu-items","name":"Get Menu Items [Customer]","description":"","method":"GET","body":{"mimeType":"multipart/form-data","params":[]},"parameters":[],"headers":[{"name":"Content-Type","value":"multipart/form-data"},{"name":"User-Agent","value":"insomnia/8.5.1"}],"authentication":{"type":"bearer","prefix":"Token","token":"8fc5b1adbd0e1f5b1e6b76cfed1a8c90e8801420","disabled":false},"metaSortKey":-1703621543650,"isPrivate":false,"settingStoreCookies":true,"settingSendCookies":true,"settingDisableRenderRequestBody":false,"settingEncodeUrl":true,"settingRebuildPath":true,"settingFollowRedirects":"global","_type":"request"},{"_id":"req_3c2f938dead74b4e83d526cd7e0216cb","parentId":"fld_ef3ec3de459845baa01e4e0582bbcd46","modified":1703621558776,"created":1703619361056,"url":"http://127.0.0.1:8000/api/menu-items","name":"Get Menu Items [Admin]","description":"","method":"GET","body":{"mimeType":"multipart/form-data","params":[]},"parameters":[],"headers":[{"name":"Content-Type","value":"multipart/form-data"},{"name":"User-Agent","value":"insomnia/8.5.1"}],"authentication":{"type":"bearer","prefix":"Token","token":"fb3031b2645fc56640399245bc47fd707fed68af","disabled":false},"metaSortKey":-1703621543550,"isPrivate":false,"settingStoreCookies":true,"settingSendCookies":true,"settingDisableRenderRequestBody":false,"settingEncodeUrl":true,"settingRebuildPath":true,"settingFollowRedirects":"global","_type":"request"},{"_id":"req_5c2b2415895e4b47ba08b54c75570653","parentId":"fld_ef3ec3de459845baa01e4e0582bbcd46","modified":1703621563737,"created":1703619578760,"url":"http://127.0.0.1:8000/api/menu-items","name":"Get Menu Items [Manager]","description":"","method":"GET","body":{"mimeType":"multipart/form-data","params":[]},"parameters":[],"headers":[{"name":"Content-Type","value":"multipart/form-data"},{"name":"User-Agent","value":"insomnia/8.5.1"}],"authentication":{"type":"bearer","prefix":"Token","token":"8595c3ef68c003d1b3ad8dd4c88cba456e4d997c","disabled":false},"metaSortKey":-1703621543450,"isPrivate":false,"settingStoreCookies":true,"settingSendCookies":true,"settingDisableRenderRequestBody":false,"settingEncodeUrl":true,"settingRebuildPath":true,"settingFollowRedirects":"global","_type":"request"},{"_id":"req_1b2780e06a69406bbf173a85d762616a","parentId":"fld_ef3ec3de459845baa01e4e0582bbcd46","modified":1703621565887,"created":1703619586340,"url":"http://127.0.0.1:8000/api/menu-items","name":"Get Menu Items [Delivery]","description":"","method":"GET","body":{"mimeType":"multipart/form-data","params":[]},"parameters":[],"headers":[{"name":"Content-Type","value":"multipart/form-data"},{"name":"User-Agent","value":"insomnia/8.5.1"}],"authentication":{"type":"bearer","prefix":"Token","token":"4195ab207991f8c2dc3bed2d7b9ddc70cb38cda7","disabled":false},"metaSortKey":-1703621543350,"isPrivate":false,"settingStoreCookies":true,"settingSendCookies":true,"settingDisableRenderRequestBody":false,"settingEncodeUrl":true,"settingRebuildPath":true,"settingFollowRedirects":"global","_type":"request"},{"_id":"req_144bbeaab3264610920cfb43369866b5","parentId":"wrk_e9ad5548b1f2421bab3af59fa4959759","modified":1703621019075,"created":1703620278248,"url":"http://127.0.0.1:8000/api/menu-items","name":"Create Menu Item [Manager]","description":"","method":"POST","body":{"mimeType":"multipart/form-data","params":[{"id":"pair_3ec4dea3b80c4c82957b8c80e9d4d857","name":"title","value":"Pumpkin Pie","description":""},{"id":"pair_a2274bf19b6c4403a0cf2148ffe3fa6f","name":"price","value":"14.99","description":""},{"id":"pair_f68ff9065e654bde839ec461676c7bf3","name":"inventory","value":"12","description":""}]},"parameters":[],"headers":[{"name":"Content-Type","value":"multipart/form-data"},{"name":"User-Agent","value":"insomnia/8.5.1"}],"authentication":{"type":"bearer","prefix":"Token","token":"8595c3ef68c003d1b3ad8dd4c88cba456e4d997c","disabled":false},"metaSortKey":-1703486447758,"isPrivate":false,"settingStoreCookies":true,"settingSendCookies":true,"settingDisableRenderRequestBody":false,"settingEncodeUrl":true,"settingRebuildPath":true,"settingFollowRedirects":"global","_type":"request"},{"_id":"req_7034af02ed964000a36d5a0ff90ae07c","parentId":"wrk_e9ad5548b1f2421bab3af59fa4959759","modified":1703621037494,"created":1703620766256,"url":"http://127.0.0.1:8000/api/menu-items/5","name":"Get Single Menu Item [Manager]","description":"","method":"GET","body":{"mimeType":"multipart/form-data","params":[]},"parameters":[],"headers":[{"name":"Content-Type","value":"multipart/form-data"},{"name":"User-Agent","value":"insomnia/8.5.1"}],"authentication":{"type":"bearer","prefix":"Token","token":"8595c3ef68c003d1b3ad8dd4c88cba456e4d997c","disabled":false},"metaSortKey":-1703486447733,"isPrivate":false,"settingStoreCookies":true,"settingSendCookies":true,"settingDisableRenderRequestBody":false,"settingEncodeUrl":true,"settingRebuildPath":true,"settingFollowRedirects":"global","_type":"request"},{"_id":"req_105ed1a9bc814e12a520d2729f3cf159","parentId":"wrk_e9ad5548b1f2421bab3af59fa4959759","modified":1703647691639,"created":1703620349987,"url":"http://127.0.0.1:8000/api/menu-items/8","name":"Delete Menu Item [Manager]","description":"","method":"DELETE","body":{"mimeType":"multipart/form-data","params":[]},"parameters":[],"headers":[{"name":"Content-Type","value":"multipart/form-data"},{"name":"User-Agent","value":"insomnia/8.5.1"}],"authentication":{"type":"bearer","prefix":"Token","token":"8595c3ef68c003d1b3ad8dd4c88cba456e4d997c","disabled":false},"metaSortKey":-1703486447633,"isPrivate":false,"settingStoreCookies":true,"settingSendCookies":true,"settingDisableRenderRequestBody":false,"settingEncodeUrl":true,"settingRebuildPath":true,"settingFollowRedirects":"global","_type":"request"},{"_id":"req_7b67e40390dc47969664db617009d8f0","parentId":"fld_47b44f28133e4b779718851792c181ec","modified":1703621649612,"created":1703621625127,"url":"http://127.0.0.1:8000/api/groups/manager/users","name":"Get Managers [Manager]","description":"","method":"GET","body":{"mimeType":"multipart/form-data","params":[]},"parameters":[],"headers":[{"name":"Content-Type","value":"multipart/form-data"},{"name":"User-Agent","value":"insomnia/8.5.1"}],"authentication":{"type":"bearer","prefix":"Token","token":"8595c3ef68c003d1b3ad8dd4c88cba456e4d997c","disabled":false},"metaSortKey":-1703621631088,"isPrivate":false,"settingStoreCookies":true,"settingSendCookies":true,"settingDisableRenderRequestBody":false,"settingEncodeUrl":true,"settingRebuildPath":true,"settingFollowRedirects":"global","_type":"request"},{"_id":"fld_47b44f28133e4b779718851792c181ec","parentId":"wrk_e9ad5548b1f2421bab3af59fa4959759","modified":1703645581510,"created":1703621606855,"name":"Group Management","description":"","environment":{},"environmentPropertyOrder":null,"metaSortKey":-1703486447608,"_type":"request_group"},{"_id":"req_7afee788c98f44c385e8e19bfd5a377a","parentId":"fld_47b44f28133e4b779718851792c181ec","modified":1703623935616,"created":1703623929868,"url":"http://127.0.0.1:8000/api/groups/manager/users","name":"Get Managers [Delivery]","description":"","method":"GET","body":{"mimeType":"multipart/form-data","params":[]},"parameters":[],"headers":[{"name":"Content-Type","value":"multipart/form-data"},{"name":"User-Agent","value":"insomnia/8.5.1"}],"authentication":{"type":"bearer","prefix":"Token","token":"4195ab207991f8c2dc3bed2d7b9ddc70cb38cda7","disabled":false},"metaSortKey":-1703621587419,"isPrivate":false,"settingStoreCookies":true,"settingSendCookies":true,"settingDisableRenderRequestBody":false,"settingEncodeUrl":true,"settingRebuildPath":true,"settingFollowRedirects":"global","_type":"request"},{"_id":"req_acf0d8e0a37f41409743d457a9f2d66c","parentId":"fld_47b44f28133e4b779718851792c181ec","modified":1703625729344,"created":1703625697499,"url":"http://127.0.0.1:8000/api/groups/manager/users","name":"Add User to Managers [Manager]","description":"","method":"POST","body":{"mimeType":"multipart/form-data","params":[{"id":"pair_2e81e3bebd9b413ca622d0a27afc4f57","name":"username","value":"testNewManager","description":""}]},"parameters":[],"headers":[{"name":"Content-Type","value":"multipart/form-data"},{"name":"User-Agent","value":"insomnia/8.5.1"}],"authentication":{"type":"bearer","prefix":"Token","token":"8595c3ef68c003d1b3ad8dd4c88cba456e4d997c","disabled":false},"metaSortKey":-1703621587319,"isPrivate":false,"settingStoreCookies":true,"settingSendCookies":true,"settingDisableRenderRequestBody":false,"settingEncodeUrl":true,"settingRebuildPath":true,"settingFollowRedirects":"global","_type":"request"},{"_id":"req_5e19fa474aef467aa4e36e01bdc5d35d","parentId":"fld_47b44f28133e4b779718851792c181ec","modified":1703630157075,"created":1703628687063,"url":"http://127.0.0.1:8000/api/groups/manager/users/5","name":"Remove User from Managers [Manager]","description":"","method":"DELETE","body":{"mimeType":"multipart/form-data","params":[]},"parameters":[],"headers":[{"name":"Content-Type","value":"multipart/form-data"},{"name":"User-Agent","value":"insomnia/8.5.1"}],"authentication":{"type":"bearer","prefix":"Token","token":"8595c3ef68c003d1b3ad8dd4c88cba456e4d997c","disabled":false},"metaSortKey":-1703621565534.5,"isPrivate":false,"settingStoreCookies":true,"settingSendCookies":true,"settingDisableRenderRequestBody":false,"settingEncodeUrl":true,"settingRebuildPath":true,"settingFollowRedirects":"global","_type":"request"},{"_id":"req_c1d081646afb4d53b1ab79a0897452a5","parentId":"fld_47b44f28133e4b779718851792c181ec","modified":1703630442285,"created":1703630429014,"url":"http://127.0.0.1:8000/api/groups/delivery-crew/users","name":"Get Delivery Crew [Manager]","description":"","method":"GET","body":{"mimeType":"multipart/form-data","params":[]},"parameters":[],"headers":[{"name":"Content-Type","value":"multipart/form-data"},{"name":"User-Agent","value":"insomnia/8.5.1"}],"authentication":{"type":"bearer","prefix":"Token","token":"8595c3ef68c003d1b3ad8dd4c88cba456e4d997c","disabled":false},"metaSortKey":-1703621565434.5,"isPrivate":false,"settingStoreCookies":true,"settingSendCookies":true,"settingDisableRenderRequestBody":false,"settingEncodeUrl":true,"settingRebuildPath":true,"settingFollowRedirects":"global","_type":"request"},{"_id":"req_a2f0d27b961b48a0a25a23e50d1cbcc6","parentId":"fld_47b44f28133e4b779718851792c181ec","modified":1703630525249,"created":1703630506119,"url":"http://127.0.0.1:8000/api/groups/delivery-crew/users","name":"Add User to Delivery Crew [Manager]","description":"","method":"POST","body":{"mimeType":"multipart/form-data","params":[{"id":"pair_2e81e3bebd9b413ca622d0a27afc4f57","name":"username","value":"testNewDelivery","description":""}]},"parameters":[],"headers":[{"name":"Content-Type","value":"multipart/form-data"},{"name":"User-Agent","value":"insomnia/8.5.1"}],"authentication":{"type":"bearer","prefix":"Token","token":"8595c3ef68c003d1b3ad8dd4c88cba456e4d997c","disabled":false},"metaSortKey":-1703621565334.5,"isPrivate":false,"settingStoreCookies":true,"settingSendCookies":true,"settingDisableRenderRequestBody":false,"settingEncodeUrl":true,"settingRebuildPath":true,"settingFollowRedirects":"global","_type":"request"},{"_id":"req_b30ee5bc879e4a4fac18a0fdf2faf3be","parentId":"fld_47b44f28133e4b779718851792c181ec","modified":1703630563764,"created":1703630533895,"url":"http://127.0.0.1:8000/api/groups/delivery-crew/users/6","name":"Remove User from Delivery Crew [Manager]","description":"","method":"DELETE","body":{"mimeType":"multipart/form-data","params":[]},"parameters":[],"headers":[{"name":"Content-Type","value":"multipart/form-data"},{"name":"User-Agent","value":"insomnia/8.5.1"}],"authentication":{"type":"bearer","prefix":"Token","token":"8595c3ef68c003d1b3ad8dd4c88cba456e4d997c","disabled":false},"metaSortKey":-1703621565234.5,"isPrivate":false,"settingStoreCookies":true,"settingSendCookies":true,"settingDisableRenderRequestBody":false,"settingEncodeUrl":true,"settingRebuildPath":true,"settingFollowRedirects":"global","_type":"request"},{"_id":"req_05f03fe2d6cb4061abb5e1588dcd5340","parentId":"fld_b67d4a1ffb284737ba6704aae76c4542","modified":1703645597760,"created":1703645551029,"url":"http://127.0.0.1:8000/api/cart/menu-items","name":"Get Cart [Manager]","description":"","method":"GET","body":{"mimeType":"multipart/form-data","params":[]},"parameters":[],"headers":[{"name":"Content-Type","value":"multipart/form-data"},{"name":"User-Agent","value":"insomnia/8.5.1"}],"authentication":{"type":"bearer","prefix":"Token","token":"8595c3ef68c003d1b3ad8dd4c88cba456e4d997c","disabled":false},"metaSortKey":-1703645555245,"isPrivate":false,"settingStoreCookies":true,"settingSendCookies":true,"settingDisableRenderRequestBody":false,"settingEncodeUrl":true,"settingRebuildPath":true,"settingFollowRedirects":"global","_type":"request"},{"_id":"fld_b67d4a1ffb284737ba6704aae76c4542","parentId":"wrk_e9ad5548b1f2421bab3af59fa4959759","modified":1703655484581,"created":1703645517616,"name":"Cart Management","description":"","environment":{},"environmentPropertyOrder":null,"metaSortKey":-1703486447601.75,"_type":"request_group"},{"_id":"req_d837fe711462407bb19cc86a77069149","parentId":"fld_b67d4a1ffb284737ba6704aae76c4542","modified":1703645823786,"created":1703645806870,"url":"http://127.0.0.1:8000/api/cart/menu-items","name":"Get Cart [Customer]","description":"","method":"GET","body":{"mimeType":"multipart/form-data","params":[]},"parameters":[],"headers":[{"name":"Content-Type","value":"multipart/form-data"},{"name":"User-Agent","value":"insomnia/8.5.1"}],"authentication":{"type":"bearer","prefix":"Token","token":"8fc5b1adbd0e1f5b1e6b76cfed1a8c90e8801420","disabled":false},"metaSortKey":-1703639574205.75,"isPrivate":false,"settingStoreCookies":true,"settingSendCookies":true,"settingDisableRenderRequestBody":false,"settingEncodeUrl":true,"settingRebuildPath":true,"settingFollowRedirects":"global","_type":"request"},{"_id":"req_cce78fad0dde42948a79e2135399f366","parentId":"fld_b67d4a1ffb284737ba6704aae76c4542","modified":1703738066109,"created":1703645633708,"url":"http://127.0.0.1:8000/api/cart/menu-items","name":"Add Menu Item to Cart [Customer]","description":"","method":"POST","body":{"mimeType":"application/json","text":"{\n\t\"menu_item\": {\n\t\t\"id\": 1,\n\t\t\"title\": \"Pumpkin Pie\",\n\t\t\"price\": \"14.99\"\n\t},\n\t\"quantity\": 8\n}"},"parameters":[],"headers":[{"name":"Content-Type","value":"application/json"},{"name":"User-Agent","value":"insomnia/8.5.1"}],"authentication":{"type":"bearer","prefix":"Token","token":"8fc5b1adbd0e1f5b1e6b76cfed1a8c90e8801420","disabled":false},"metaSortKey":-1703633593166.5,"isPrivate":false,"settingStoreCookies":true,"settingSendCookies":true,"settingDisableRenderRequestBody":false,"settingEncodeUrl":true,"settingRebuildPath":true,"settingFollowRedirects":"global","_type":"request"},{"_id":"req_a404757b073c41718f12b564ae11ba8f","parentId":"fld_b67d4a1ffb284737ba6704aae76c4542","modified":1703648330687,"created":1703648322205,"url":"http://127.0.0.1:8000/api/cart/menu-items","name":"Delete Cart [Customer]","description":"","method":"DELETE","body":{"mimeType":"multipart/form-data","params":[]},"parameters":[],"headers":[{"name":"Content-Type","value":"multipart/form-data"},{"name":"User-Agent","value":"insomnia/8.5.1"}],"authentication":{"type":"bearer","prefix":"Token","token":"8fc5b1adbd0e1f5b1e6b76cfed1a8c90e8801420","disabled":false},"metaSortKey":-1703627612127.25,"isPrivate":false,"settingStoreCookies":true,"settingSendCookies":true,"settingDisableRenderRequestBody":false,"settingEncodeUrl":true,"settingRebuildPath":true,"settingFollowRedirects":"global","_type":"request"},{"_id":"req_7a853d28f61b4030bd19aea6f09dadeb","parentId":"fld_73db6453fd0b402d808776137197b633","modified":1703655692459,"created":1703655470544,"url":"http://127.0.0.1:8000/api/orders","name":"Get Orders [Customer]","description":"","method":"GET","body":{},"parameters":[],"headers":[{"name":"User-Agent","value":"insomnia/8.5.1"}],"authentication":{"type":"bearer","prefix":"Token","token":"8fc5b1adbd0e1f5b1e6b76cfed1a8c90e8801420"},"metaSortKey":-1703655692426,"isPrivate":false,"settingStoreCookies":true,"settingSendCookies":true,"settingDisableRenderRequestBody":false,"settingEncodeUrl":true,"settingRebuildPath":true,"settingFollowRedirects":"global","_type":"request"},{"_id":"fld_73db6453fd0b402d808776137197b633","parentId":"wrk_e9ad5548b1f2421bab3af59fa4959759","modified":1703655691047,"created":1703655686029,"name":"Orders","description":"","environment":{},"environmentPropertyOrder":null,"metaSortKey":-1703486447495.5,"_type":"request_group"},{"_id":"req_4d342b56379f435e91394d226450db97","parentId":"fld_73db6453fd0b402d808776137197b633","modified":1703655719913,"created":1703655700514,"url":"http://127.0.0.1:8000/api/orders","name":"Get Orders [Manager]","description":"","method":"GET","body":{},"parameters":[],"headers":[{"name":"User-Agent","value":"insomnia/8.5.1"}],"authentication":{"type":"bearer","prefix":"Token","token":"8595c3ef68c003d1b3ad8dd4c88cba456e4d997c"},"metaSortKey":-1703650623835.5,"isPrivate":false,"settingStoreCookies":true,"settingSendCookies":true,"settingDisableRenderRequestBody":false,"settingEncodeUrl":true,"settingRebuildPath":true,"settingFollowRedirects":"global","_type":"request"},{"_id":"req_c7bc7d04ba214ac9bd0ca49fb4029b5c","parentId":"fld_73db6453fd0b402d808776137197b633","modified":1703742703456,"created":1703655710654,"url":"http://127.0.0.1:8000/api/orders","name":"Get Orders [Delivery Crew]","description":"","method":"GET","body":{},"parameters":[],"headers":[{"name":"User-Agent","value":"insomnia/8.5.1"}],"authentication":{"type":"bearer","prefix":"Token","token":"4195ab207991f8c2dc3bed2d7b9ddc70cb38cda7"},"metaSortKey":-1703648089540.25,"isPrivate":false,"settingStoreCookies":true,"settingSendCookies":true,"settingDisableRenderRequestBody":false,"settingEncodeUrl":true,"settingRebuildPath":true,"settingFollowRedirects":"global","_type":"request"},{"_id":"req_dccfd97794424844aa251e1239b3cff6","parentId":"fld_73db6453fd0b402d808776137197b633","modified":1703714097874,"created":1703714092733,"url":"http://127.0.0.1:8000/api/orders","name":"Create Order [Customer]","description":"","method":"POST","body":{},"parameters":[],"headers":[{"name":"User-Agent","value":"insomnia/8.5.1"}],"authentication":{"type":"bearer","prefix":"Token","token":"8fc5b1adbd0e1f5b1e6b76cfed1a8c90e8801420"},"metaSortKey":-1703648089440.25,"isPrivate":false,"settingStoreCookies":true,"settingSendCookies":true,"settingDisableRenderRequestBody":false,"settingEncodeUrl":true,"settingRebuildPath":true,"settingFollowRedirects":"global","_type":"request"},{"_id":"req_3f6fced8caa44d2aa961f1d4c2f2068a","parentId":"fld_73db6453fd0b402d808776137197b633","modified":1703738124664,"created":1703726337006,"url":"http://127.0.0.1:8000/api/orders/9","name":"Get Single Order [Customer]","description":"","method":"GET","body":{},"parameters":[],"headers":[{"name":"User-Agent","value":"insomnia/8.5.1"}],"authentication":{"type":"bearer","prefix":"Token","token":"8fc5b1adbd0e1f5b1e6b76cfed1a8c90e8801420"},"metaSortKey":-1703648089340.25,"isPrivate":false,"settingStoreCookies":true,"settingSendCookies":true,"settingDisableRenderRequestBody":false,"settingEncodeUrl":true,"settingRebuildPath":true,"settingFollowRedirects":"global","_type":"request"},{"_id":"req_27736aae2648459cb636e925063c8261","parentId":"fld_73db6453fd0b402d808776137197b633","modified":1703742561638,"created":1703739222185,"url":"http://127.0.0.1:8000/api/orders/8","name":"Update Single Order Delivery Crew [Manager]","description":"","method":"PUT","body":{"mimeType":"multipart/form-data","params":[{"id":"pair_27b3423536404c5fbbe62064400ef5ff","name":"delivery_crew","value":"testNewDelivery","description":"","disabled":false}]},"parameters":[],"headers":[{"name":"Content-Type","value":"multipart/form-data"},{"name":"User-Agent","value":"insomnia/8.5.1"}],"authentication":{"type":"bearer","prefix":"Token","token":"8595c3ef68c003d1b3ad8dd4c88cba456e4d997c"},"metaSortKey":-1703646822292.625,"isPrivate":false,"settingStoreCookies":true,"settingSendCookies":true,"settingDisableRenderRequestBody":false,"settingEncodeUrl":true,"settingRebuildPath":true,"settingFollowRedirects":"global","_type":"request"},{"_id":"req_6575c8d669a74698baeaa81a0d9ec0ef","parentId":"fld_73db6453fd0b402d808776137197b633","modified":1703743093140,"created":1703742733983,"url":"http://127.0.0.1:8000/api/orders/8","name":"Update Single Order Status [Delivery]","description":"","method":"PATCH","body":{"mimeType":"multipart/form-data","params":[{"id":"pair_27b3423536404c5fbbe62064400ef5ff","name":"status","value":"1","description":"","disabled":false}]},"parameters":[],"headers":[{"name":"Content-Type","value":"multipart/form-data"},{"name":"User-Agent","value":"insomnia/8.5.1"}],"authentication":{"type":"bearer","prefix":"Token","token":"4195ab207991f8c2dc3bed2d7b9ddc70cb38cda7"},"metaSortKey":-1703646188768.8125,"isPrivate":false,"settingStoreCookies":true,"settingSendCookies":true,"settingDisableRenderRequestBody":false,"settingEncodeUrl":true,"settingRebuildPath":true,"settingFollowRedirects":"global","_type":"request"},{"_id":"req_d60d6a59fbc342b4aaa663c6dec6ea5c","parentId":"fld_73db6453fd0b402d808776137197b633","modified":1703743272591,"created":1703743018311,"url":"http://127.0.0.1:8000/api/orders/7","name":"Delete Single Order [Manager]","description":"","method":"DELETE","body":{"mimeType":"multipart/form-data","params":[]},"parameters":[],"headers":[{"name":"Content-Type","value":"multipart/form-data"},{"name":"User-Agent","value":"insomnia/8.5.1"}],"authentication":{"type":"bearer","prefix":"Token","token":"8595c3ef68c003d1b3ad8dd4c88cba456e4d997c"},"metaSortKey":-1703645872006.9062,"isPrivate":false,"settingStoreCookies":true,"settingSendCookies":true,"settingDisableRenderRequestBody":false,"settingEncodeUrl":true,"settingRebuildPath":true,"settingFollowRedirects":"global","_type":"request"},{"_id":"env_00c6d14b7d5ec119fdd81b660808fbc4ef0307dc","parentId":"wrk_e9ad5548b1f2421bab3af59fa4959759","modified":1703486441464,"created":1703486441464,"name":"Base Environment","data":{},"dataPropertyOrder":null,"color":null,"isPrivate":false,"metaSortKey":1703486441464,"_type":"environment"},{"_id":"jar_00c6d14b7d5ec119fdd81b660808fbc4ef0307dc","parentId":"wrk_e9ad5548b1f2421bab3af59fa4959759","modified":1703486441465,"created":1703486441465,"name":"Default Jar","cookies":[],"_type":"cookie_jar"}]}